{
  "project_info": {
    "project_number": "755592347357",
    "firebase_url": "https://mapsandbroadcast-ac644.firebaseio.com",
    "project_id": "mapsandbroadcast-ac644",
    "storage_bucket": "mapsandbroadcast-ac644.appspot.com"
  },
  "client": [
    {
      "client_info": {
        "mobilesdk_app_id": "1:755592347357:android:202f12948235281d",
        "android_client_info": {
          "package_name": "AT.sweng888.practice.assignment3.mapsproject"
        }
      },
      "oauth_client": [
        {
          "client_id": "755592347357-hehsrm0sf1msdrs15t0kq1c6tfof8pkd.apps.googleusercontent.com",
          "client_type": 3
        }
      ],
      "api_key": [
        {
          "current_key": "AIzaSyC0awFI8Rsdl4-Ggc9QWm5zzN2j_3ejVjY"
        }
      ],
      "services": {
        "analytics_service": {
          "status": 1
        },
        "appinvite_service": {
          "status": 1,
          "other_platform_oauth_client": []
        },
        "ads_service": {
          "status": 2
        }
      }
    }
  ],
  "configuration_version": "1"
}