{
  "project_info": {
    "project_number": "754422279882",
    "firebase_url": "https://puzzlepoint-a2643.firebaseio.com",
    "project_id": "puzzlepoint-a2643",
    "storage_bucket": "puzzlepoint-a2643.appspot.com"
  },
  "client": [
    {
      "client_info": {
        "mobilesdk_app_id": "1:754422279882:android:646f1eba51c47d6f",
        "android_client_info": {
          "package_name": "com.ryland.puzzlepoint"
        }
      },
      "oauth_client": [
        {
          "client_id": "754422279882-f31kpknfqavhlnsuvk3kpv9efqacr5uk.apps.googleusercontent.com",
          "client_type": 1,
          "android_info": {
            "package_name": "com.ryland.puzzlepoint",
            "certificate_hash": "242d57bd0db96b02ec33d82134c97554d86d4642"
          }
        },
        {
          "client_id": "754422279882-lsd7arrmj5mk0b80jml03q43p4d6h3jc.apps.googleusercontent.com",
          "client_type": 3
        }
      ],
      "api_key": [
        {
          "current_key": "AIzaSyDQ3daOakyD8NqkHDXPAF5pwt9u8ewzi0s"
        }
      ],
      "services": {
        "analytics_service": {
          "status": 1
        },
        "appinvite_service": {
          "status": 2,
          "other_platform_oauth_client": [
            {
              "client_id": "754422279882-lsd7arrmj5mk0b80jml03q43p4d6h3jc.apps.googleusercontent.com",
              "client_type": 3
            }
          ]
        },
        "ads_service": {
          "status": 2
        }
      }
    }
  ],
  "configuration_version": "1"
}